subject_id,session_id,task_type,filename,file_path,file_size_mb,has_fdt_file
sub-01,ses-1,Pre-rehabilitation,sub-01_pre_run-1_eeg.set,PEEG\sub-01\ses-1\eeg\sub-01_pre_run-1_eeg.set,8.15,False
sub-01,ses-1,Pre-rehabilitation,sub-01_pre_run-2_eeg.set,PEEG\sub-01\ses-1\eeg\sub-01_pre_run-2_eeg.set,8.15,False
sub-01,ses-1,Pre-rehabilitation,sub-01_pre_run-3_eeg.set,PEEG\sub-01\ses-1\eeg\sub-01_pre_run-3_eeg.set,8.15,False
sub-01,ses-1,Pre-rehabilitation,sub-01_pre_run-4_eeg.set,PEEG\sub-01\ses-1\eeg\sub-01_pre_run-4_eeg.set,8.15,False
sub-01,ses-2,Task-run,sub-01_MI-SES_run-1_eeg.set,PEEG\sub-01\ses-2\eeg\sub-01_MI-SES_run-1_eeg.set,8.15,False
sub-01,ses-2,Task-run,sub-01_MI-SES_run-2_eeg.set,PEEG\sub-01\ses-2\eeg\sub-01_MI-SES_run-2_eeg.set,8.15,False
sub-01,ses-2,Task-run,sub-01_MI-SES_run-3_eeg.set,PEEG\sub-01\ses-2\eeg\sub-01_MI-SES_run-3_eeg.set,8.15,False
sub-01,ses-2,Task-run,sub-01_MI-SES_run-4_eeg.set,PEEG\sub-01\ses-2\eeg\sub-01_MI-SES_run-4_eeg.set,8.15,False
sub-01,ses-3,Task-run,sub-01_MI-IES_run-1_eeg.set,PEEG\sub-01\ses-3\eeg\sub-01_MI-IES_run-1_eeg.set,8.15,False
sub-01,ses-3,Task-run,sub-01_MI-IES_run-2_eeg.set,PEEG\sub-01\ses-3\eeg\sub-01_MI-IES_run-2_eeg.set,8.15,False
sub-01,ses-3,Task-run,sub-01_MI-IES_run-3_eeg.set,PEEG\sub-01\ses-3\eeg\sub-01_MI-IES_run-3_eeg.set,8.15,False
sub-01,ses-3,Task-run,sub-01_MI-IES_run-4_eeg.set,PEEG\sub-01\ses-3\eeg\sub-01_MI-IES_run-4_eeg.set,8.15,False
sub-01,ses-4,Post-rehabilitation,sub-01_post_run-1_eeg.set,PEEG\sub-01\ses-4\eeg\sub-01_post_run-1_eeg.set,8.16,False
sub-01,ses-4,Post-rehabilitation,sub-01_post_run-2_eeg.set,PEEG\sub-01\ses-4\eeg\sub-01_post_run-2_eeg.set,8.16,False
sub-01,ses-4,Post-rehabilitation,sub-01_post_run-3_eeg.set,PEEG\sub-01\ses-4\eeg\sub-01_post_run-3_eeg.set,8.16,False
sub-01,ses-4,Post-rehabilitation,sub-01_post_run-4_eeg.set,PEEG\sub-01\ses-4\eeg\sub-01_post_run-4_eeg.set,8.16,False
sub-01,ses-5,Task-run,sub-01_follow_run-1_eeg.set,PEEG\sub-01\ses-5\eeg\sub-01_follow_run-1_eeg.set,8.15,False
sub-01,ses-5,Task-run,sub-01_follow_run-2_eeg.set,PEEG\sub-01\ses-5\eeg\sub-01_follow_run-2_eeg.set,8.07,False
sub-01,ses-5,Task-run,sub-01_follow_run-3_eeg.set,PEEG\sub-01\ses-5\eeg\sub-01_follow_run-3_eeg.set,8.15,False
sub-01,ses-5,Task-run,sub-01_follow_run-4_eeg.set,PEEG\sub-01\ses-5\eeg\sub-01_follow_run-4_eeg.set,8.15,False
sub-02,ses-1,Pre-rehabilitation,sub-02_pre_run-1_eeg.set,PEEG\sub-02\ses-1\eeg\sub-02_pre_run-1_eeg.set,8.15,False
sub-02,ses-1,Pre-rehabilitation,sub-02_pre_run-2_eeg.set,PEEG\sub-02\ses-1\eeg\sub-02_pre_run-2_eeg.set,8.15,False
sub-02,ses-1,Pre-rehabilitation,sub-02_pre_run-3_eeg.set,PEEG\sub-02\ses-1\eeg\sub-02_pre_run-3_eeg.set,8.15,False
sub-02,ses-1,Pre-rehabilitation,sub-02_pre_run-4_eeg.set,PEEG\sub-02\ses-1\eeg\sub-02_pre_run-4_eeg.set,8.15,False
sub-02,ses-1,Pre-rehabilitation,sub-02_pre_run-5_eeg.set,PEEG\sub-02\ses-1\eeg\sub-02_pre_run-5_eeg.set,8.14,False
sub-02,ses-2,Task-run,sub-02_MI-SES_run-1_eeg.set,PEEG\sub-02\ses-2\eeg\sub-02_MI-SES_run-1_eeg.set,8.12,False
sub-02,ses-2,Task-run,sub-02_MI-SES_run-2_eeg.set,PEEG\sub-02\ses-2\eeg\sub-02_MI-SES_run-2_eeg.set,8.15,False
sub-02,ses-2,Task-run,sub-02_MI-SES_run-3_eeg.set,PEEG\sub-02\ses-2\eeg\sub-02_MI-SES_run-3_eeg.set,8.13,False
sub-02,ses-2,Task-run,sub-02_MI-SES_run-4_eeg.set,PEEG\sub-02\ses-2\eeg\sub-02_MI-SES_run-4_eeg.set,8.12,False
sub-02,ses-2,Task-run,sub-02_MI-SES_run-5_eeg.set,PEEG\sub-02\ses-2\eeg\sub-02_MI-SES_run-5_eeg.set,8.15,False
sub-02,ses-3,Task-run,sub-02_MI-IES_run-1_eeg.set,PEEG\sub-02\ses-3\eeg\sub-02_MI-IES_run-1_eeg.set,8.15,False
sub-02,ses-3,Task-run,sub-02_MI-IES_run-2_eeg.set,PEEG\sub-02\ses-3\eeg\sub-02_MI-IES_run-2_eeg.set,8.13,False
sub-02,ses-3,Task-run,sub-02_MI-IES_run-3_eeg.set,PEEG\sub-02\ses-3\eeg\sub-02_MI-IES_run-3_eeg.set,8.15,False
sub-02,ses-3,Task-run,sub-02_MI-IES_run-4_eeg.set,PEEG\sub-02\ses-3\eeg\sub-02_MI-IES_run-4_eeg.set,8.15,False
sub-02,ses-4,Post-rehabilitation,sub-02_post_run-1_eeg.set,PEEG\sub-02\ses-4\eeg\sub-02_post_run-1_eeg.set,8.15,False
sub-02,ses-4,Post-rehabilitation,sub-02_post_run-2_eeg.set,PEEG\sub-02\ses-4\eeg\sub-02_post_run-2_eeg.set,8.15,False
sub-02,ses-4,Post-rehabilitation,sub-02_post_run-3_eeg.set,PEEG\sub-02\ses-4\eeg\sub-02_post_run-3_eeg.set,8.15,False
sub-02,ses-4,Post-rehabilitation,sub-02_post_run-4_eeg.set,PEEG\sub-02\ses-4\eeg\sub-02_post_run-4_eeg.set,8.15,False
sub-02,ses-5,Task-run,sub-02_follow_run-1_eeg.set,PEEG\sub-02\ses-5\eeg\sub-02_follow_run-1_eeg.set,8.15,False
sub-02,ses-5,Task-run,sub-02_follow_run-2_eeg.set,PEEG\sub-02\ses-5\eeg\sub-02_follow_run-2_eeg.set,8.15,False
sub-02,ses-5,Task-run,sub-02_follow_run-3_eeg.set,PEEG\sub-02\ses-5\eeg\sub-02_follow_run-3_eeg.set,8.15,False
sub-02,ses-5,Task-run,sub-02_follow_run-4_eeg.set,PEEG\sub-02\ses-5\eeg\sub-02_follow_run-4_eeg.set,8.15,False
sub-03,ses-1,Pre-rehabilitation,sub-03_pre_run-1_eeg.set,PEEG\sub-03\ses-1\eeg\sub-03_pre_run-1_eeg.set,8.15,False
sub-03,ses-1,Pre-rehabilitation,sub-03_pre_run-2_eeg.set,PEEG\sub-03\ses-1\eeg\sub-03_pre_run-2_eeg.set,8.15,False
sub-03,ses-1,Pre-rehabilitation,sub-03_pre_run-3_eeg.set,PEEG\sub-03\ses-1\eeg\sub-03_pre_run-3_eeg.set,8.11,False
sub-03,ses-1,Pre-rehabilitation,sub-03_pre_run-4_eeg.set,PEEG\sub-03\ses-1\eeg\sub-03_pre_run-4_eeg.set,8.15,False
sub-03,ses-2,Task-run,sub-03_MI-SES_run-1_eeg.set,PEEG\sub-03\ses-2\eeg\sub-03_MI-SES_run-1_eeg.set,8.15,False
sub-03,ses-2,Task-run,sub-03_MI-SES_run-2_eeg.set,PEEG\sub-03\ses-2\eeg\sub-03_MI-SES_run-2_eeg.set,8.15,False
sub-03,ses-2,Task-run,sub-03_MI-SES_run-3_eeg.set,PEEG\sub-03\ses-2\eeg\sub-03_MI-SES_run-3_eeg.set,8.15,False
sub-03,ses-2,Task-run,sub-03_MI-SES_run-4_eeg.set,PEEG\sub-03\ses-2\eeg\sub-03_MI-SES_run-4_eeg.set,7.97,False
sub-03,ses-3,Task-run,sub-03_MI-IES_run-1_eeg.set,PEEG\sub-03\ses-3\eeg\sub-03_MI-IES_run-1_eeg.set,7.96,False
sub-03,ses-3,Task-run,sub-03_MI-IES_run-2_eeg.set,PEEG\sub-03\ses-3\eeg\sub-03_MI-IES_run-2_eeg.set,8.15,False
sub-04,ses-1,Pre-rehabilitation,sub-04_pre_run-1_eeg.set,PEEG\sub-04\ses-1\eeg\sub-04_pre_run-1_eeg.set,8.15,False
sub-04,ses-1,Pre-rehabilitation,sub-04_pre_run-2_eeg.set,PEEG\sub-04\ses-1\eeg\sub-04_pre_run-2_eeg.set,8.15,False
sub-04,ses-1,Pre-rehabilitation,sub-04_pre_run-3_eeg.set,PEEG\sub-04\ses-1\eeg\sub-04_pre_run-3_eeg.set,8.15,False
sub-04,ses-1,Pre-rehabilitation,sub-04_pre_run-4_eeg.set,PEEG\sub-04\ses-1\eeg\sub-04_pre_run-4_eeg.set,8.15,False
sub-04,ses-2,Task-run,sub-04_MI-SES_run-1_eeg.set,PEEG\sub-04\ses-2\eeg\sub-04_MI-SES_run-1_eeg.set,8.15,False
sub-04,ses-2,Task-run,sub-04_MI-SES_run-2_eeg.set,PEEG\sub-04\ses-2\eeg\sub-04_MI-SES_run-2_eeg.set,8.15,False
sub-04,ses-2,Task-run,sub-04_MI-SES_run-3_eeg.set,PEEG\sub-04\ses-2\eeg\sub-04_MI-SES_run-3_eeg.set,8.15,False
sub-04,ses-2,Task-run,sub-04_MI-SES_run-4_eeg.set,PEEG\sub-04\ses-2\eeg\sub-04_MI-SES_run-4_eeg.set,8.17,False
sub-04,ses-3,Task-run,sub-04_MI-IES_run-1_eeg.set,PEEG\sub-04\ses-3\eeg\sub-04_MI-IES_run-1_eeg.set,8.15,False
sub-04,ses-3,Task-run,sub-04_MI-IES_run-2_eeg.set,PEEG\sub-04\ses-3\eeg\sub-04_MI-IES_run-2_eeg.set,8.15,False
sub-04,ses-3,Task-run,sub-04_MI-IES_run-3_eeg.set,PEEG\sub-04\ses-3\eeg\sub-04_MI-IES_run-3_eeg.set,8.15,False
sub-04,ses-3,Task-run,sub-04_MI-IES_run-4_eeg.set,PEEG\sub-04\ses-3\eeg\sub-04_MI-IES_run-4_eeg.set,8.15,False
sub-04,ses-4,Post-rehabilitation,sub-04_post_run-1_eeg.set,PEEG\sub-04\ses-4\eeg\sub-04_post_run-1_eeg.set,8.15,False
sub-04,ses-4,Post-rehabilitation,sub-04_post_run-2_eeg.set,PEEG\sub-04\ses-4\eeg\sub-04_post_run-2_eeg.set,8.15,False
sub-04,ses-4,Post-rehabilitation,sub-04_post_run-3_eeg.set,PEEG\sub-04\ses-4\eeg\sub-04_post_run-3_eeg.set,8.15,False
sub-04,ses-4,Post-rehabilitation,sub-04_post_run-4_eeg.set,PEEG\sub-04\ses-4\eeg\sub-04_post_run-4_eeg.set,8.15,False
sub-04,ses-5,Task-run,sub-04_follow_run-1_eeg.set,PEEG\sub-04\ses-5\eeg\sub-04_follow_run-1_eeg.set,8.15,False
sub-04,ses-5,Task-run,sub-04_follow_run-2_eeg.set,PEEG\sub-04\ses-5\eeg\sub-04_follow_run-2_eeg.set,8.15,False
sub-04,ses-5,Task-run,sub-04_follow_run-3_eeg.set,PEEG\sub-04\ses-5\eeg\sub-04_follow_run-3_eeg.set,8.15,False
sub-04,ses-5,Task-run,sub-04_follow_run-4_eeg.set,PEEG\sub-04\ses-5\eeg\sub-04_follow_run-4_eeg.set,8.15,False
sub-05,ses-1,Pre-rehabilitation,sub-05_pre_run-1_eeg.set,PEEG\sub-05\ses-1\eeg\sub-05_pre_run-1_eeg.set,8.15,False
sub-05,ses-1,Pre-rehabilitation,sub-05_pre_run-2_eeg.set,PEEG\sub-05\ses-1\eeg\sub-05_pre_run-2_eeg.set,8.15,False
sub-05,ses-1,Pre-rehabilitation,sub-05_pre_run-3_eeg.set,PEEG\sub-05\ses-1\eeg\sub-05_pre_run-3_eeg.set,8.15,False
sub-05,ses-1,Pre-rehabilitation,sub-05_pre_run-4_eeg.set,PEEG\sub-05\ses-1\eeg\sub-05_pre_run-4_eeg.set,8.15,False
sub-05,ses-2,Task-run,sub-05_MI-SES_run-1_eeg.set,PEEG\sub-05\ses-2\eeg\sub-05_MI-SES_run-1_eeg.set,8.16,False
sub-05,ses-2,Task-run,sub-05_MI-SES_run-2_eeg.set,PEEG\sub-05\ses-2\eeg\sub-05_MI-SES_run-2_eeg.set,8.15,False
sub-05,ses-2,Task-run,sub-05_MI-SES_run-3_eeg.set,PEEG\sub-05\ses-2\eeg\sub-05_MI-SES_run-3_eeg.set,8.16,False
sub-05,ses-2,Task-run,sub-05_MI-SES_run-4_eeg.set,PEEG\sub-05\ses-2\eeg\sub-05_MI-SES_run-4_eeg.set,8.15,False
sub-05,ses-3,Task-run,sub-05_MI-IES_run-1_eeg.set,PEEG\sub-05\ses-3\eeg\sub-05_MI-IES_run-1_eeg.set,8.15,False
sub-05,ses-3,Task-run,sub-05_MI-IES_run-2_eeg.set,PEEG\sub-05\ses-3\eeg\sub-05_MI-IES_run-2_eeg.set,8.15,False
sub-05,ses-3,Task-run,sub-05_MI-IES_run-3_eeg.set,PEEG\sub-05\ses-3\eeg\sub-05_MI-IES_run-3_eeg.set,8.15,False
sub-05,ses-3,Task-run,sub-05_MI-IES_run-4_eeg.set,PEEG\sub-05\ses-3\eeg\sub-05_MI-IES_run-4_eeg.set,8.15,False
sub-05,ses-4,Post-rehabilitation,sub-05_post_run-1_eeg.set,PEEG\sub-05\ses-4\eeg\sub-05_post_run-1_eeg.set,8.15,False
sub-05,ses-4,Post-rehabilitation,sub-05_post_run-2_eeg.set,PEEG\sub-05\ses-4\eeg\sub-05_post_run-2_eeg.set,8.15,False
sub-05,ses-4,Post-rehabilitation,sub-05_post_run-3_eeg.set,PEEG\sub-05\ses-4\eeg\sub-05_post_run-3_eeg.set,8.15,False
sub-05,ses-4,Post-rehabilitation,sub-05_post_run-4_eeg.set,PEEG\sub-05\ses-4\eeg\sub-05_post_run-4_eeg.set,8.15,False
sub-05,ses-5,Task-run,sub-05_follow_run-1_eeg.set,PEEG\sub-05\ses-5\eeg\sub-05_follow_run-1_eeg.set,8.16,False
sub-05,ses-5,Task-run,sub-05_follow_run-2_eeg.set,PEEG\sub-05\ses-5\eeg\sub-05_follow_run-2_eeg.set,8.15,False
sub-05,ses-5,Task-run,sub-05_follow_run-3_eeg.set,PEEG\sub-05\ses-5\eeg\sub-05_follow_run-3_eeg.set,8.16,False
sub-05,ses-5,Task-run,sub-05_follow_run-4_eeg.set,PEEG\sub-05\ses-5\eeg\sub-05_follow_run-4_eeg.set,8.16,False
sub-06,ses-1,Pre-rehabilitation,sub-06_pre_run-1_eeg.set,PEEG\sub-06\ses-1\eeg\sub-06_pre_run-1_eeg.set,8.15,False
sub-06,ses-1,Pre-rehabilitation,sub-06_pre_run-2_eeg.set,PEEG\sub-06\ses-1\eeg\sub-06_pre_run-2_eeg.set,8.15,False
sub-06,ses-1,Pre-rehabilitation,sub-06_pre_run-3_eeg.set,PEEG\sub-06\ses-1\eeg\sub-06_pre_run-3_eeg.set,7.75,False
sub-06,ses-1,Pre-rehabilitation,sub-06_pre_run-4_eeg.set,PEEG\sub-06\ses-1\eeg\sub-06_pre_run-4_eeg.set,8.15,False
sub-06,ses-2,Task-run,sub-06_MI-SES_run-1_eeg.set,PEEG\sub-06\ses-2\eeg\sub-06_MI-SES_run-1_eeg.set,8.15,False
sub-06,ses-2,Task-run,sub-06_MI-SES_run-2_eeg.set,PEEG\sub-06\ses-2\eeg\sub-06_MI-SES_run-2_eeg.set,8.17,False
sub-06,ses-2,Task-run,sub-06_MI-SES_run-3_eeg.set,PEEG\sub-06\ses-2\eeg\sub-06_MI-SES_run-3_eeg.set,8.16,False
sub-06,ses-2,Task-run,sub-06_MI-SES_run-4_eeg.set,PEEG\sub-06\ses-2\eeg\sub-06_MI-SES_run-4_eeg.set,8.15,False
sub-06,ses-3,Task-run,sub-06_MI-IES_run-1_eeg.set,PEEG\sub-06\ses-3\eeg\sub-06_MI-IES_run-1_eeg.set,8.16,False
sub-06,ses-3,Task-run,sub-06_MI-IES_run-2_eeg.set,PEEG\sub-06\ses-3\eeg\sub-06_MI-IES_run-2_eeg.set,8.15,False
sub-06,ses-3,Task-run,sub-06_MI-IES_run-3_eeg.set,PEEG\sub-06\ses-3\eeg\sub-06_MI-IES_run-3_eeg.set,8.16,False
sub-06,ses-3,Task-run,sub-06_MI-IES_run-4_eeg.set,PEEG\sub-06\ses-3\eeg\sub-06_MI-IES_run-4_eeg.set,8.15,False
sub-07,ses-1,Pre-rehabilitation,sub-07_pre_run-1_eeg.set,PEEG\sub-07\ses-1\eeg\sub-07_pre_run-1_eeg.set,8.16,False
sub-07,ses-1,Pre-rehabilitation,sub-07_pre_run-2_eeg.set,PEEG\sub-07\ses-1\eeg\sub-07_pre_run-2_eeg.set,8.15,False
sub-07,ses-1,Pre-rehabilitation,sub-07_pre_run-3_eeg.set,PEEG\sub-07\ses-1\eeg\sub-07_pre_run-3_eeg.set,8.16,False
sub-07,ses-1,Pre-rehabilitation,sub-07_pre_run-4_eeg.set,PEEG\sub-07\ses-1\eeg\sub-07_pre_run-4_eeg.set,8.16,False
sub-07,ses-2,Task-run,sub-07_MI-SES_run-1_eeg.set,PEEG\sub-07\ses-2\eeg\sub-07_MI-SES_run-1_eeg.set,8.16,False
sub-07,ses-2,Task-run,sub-07_MI-SES_run-2_eeg.set,PEEG\sub-07\ses-2\eeg\sub-07_MI-SES_run-2_eeg.set,8.15,False
sub-07,ses-2,Task-run,sub-07_MI-SES_run-3_eeg.set,PEEG\sub-07\ses-2\eeg\sub-07_MI-SES_run-3_eeg.set,8.16,False
sub-07,ses-2,Task-run,sub-07_MI-SES_run-4_eeg.set,PEEG\sub-07\ses-2\eeg\sub-07_MI-SES_run-4_eeg.set,8.16,False
sub-07,ses-3,Task-run,sub-07_MI-IES_run-1_eeg.set,PEEG\sub-07\ses-3\eeg\sub-07_MI-IES_run-1_eeg.set,8.15,False
sub-07,ses-3,Task-run,sub-07_MI-IES_run-2_eeg.set,PEEG\sub-07\ses-3\eeg\sub-07_MI-IES_run-2_eeg.set,8.15,False
sub-07,ses-3,Task-run,sub-07_MI-IES_run-3_eeg.set,PEEG\sub-07\ses-3\eeg\sub-07_MI-IES_run-3_eeg.set,8.16,False
sub-07,ses-3,Task-run,sub-07_MI-IES_run-4_eeg.set,PEEG\sub-07\ses-3\eeg\sub-07_MI-IES_run-4_eeg.set,8.16,False
sub-07,ses-4,Post-rehabilitation,sub-07_post_run-1_eeg.set,PEEG\sub-07\ses-4\eeg\sub-07_post_run-1_eeg.set,8.15,False
sub-07,ses-4,Post-rehabilitation,sub-07_post_run-2_eeg.set,PEEG\sub-07\ses-4\eeg\sub-07_post_run-2_eeg.set,8.15,False
sub-07,ses-4,Post-rehabilitation,sub-07_post_run-3_eeg.set,PEEG\sub-07\ses-4\eeg\sub-07_post_run-3_eeg.set,8.15,False
sub-07,ses-4,Post-rehabilitation,sub-07_post_run-4_eeg.set,PEEG\sub-07\ses-4\eeg\sub-07_post_run-4_eeg.set,8.15,False
sub-07,ses-5,Task-run,sub-07_follow_run-1_eeg.set,PEEG\sub-07\ses-5\eeg\sub-07_follow_run-1_eeg.set,8.15,False
sub-07,ses-5,Task-run,sub-07_follow_run-2_eeg.set,PEEG\sub-07\ses-5\eeg\sub-07_follow_run-2_eeg.set,8.15,False
sub-07,ses-5,Task-run,sub-07_follow_run-3_eeg.set,PEEG\sub-07\ses-5\eeg\sub-07_follow_run-3_eeg.set,8.15,False
sub-07,ses-5,Task-run,sub-07_follow_run-4_eeg.set,PEEG\sub-07\ses-5\eeg\sub-07_follow_run-4_eeg.set,8.15,False
sub-08,ses-1,Pre-rehabilitation,sub-08_pre_run-1_eeg.set,PEEG\sub-08\ses-1\eeg\sub-08_pre_run-1_eeg.set,8.15,False
sub-08,ses-1,Pre-rehabilitation,sub-08_pre_run-2_eeg.set,PEEG\sub-08\ses-1\eeg\sub-08_pre_run-2_eeg.set,8.16,False
sub-08,ses-1,Pre-rehabilitation,sub-08_pre_run-3_eeg.set,PEEG\sub-08\ses-1\eeg\sub-08_pre_run-3_eeg.set,8.16,False
sub-08,ses-1,Pre-rehabilitation,sub-08_pre_run-4_eeg.set,PEEG\sub-08\ses-1\eeg\sub-08_pre_run-4_eeg.set,8.15,False
sub-08,ses-2,Task-run,sub-08_MI-SES_run-1_eeg.set,PEEG\sub-08\ses-2\eeg\sub-08_MI-SES_run-1_eeg.set,8.15,False
sub-08,ses-2,Task-run,sub-08_MI-SES_run-2_eeg.set,PEEG\sub-08\ses-2\eeg\sub-08_MI-SES_run-2_eeg.set,8.15,False
sub-08,ses-2,Task-run,sub-08_MI-SES_run-3_eeg.set,PEEG\sub-08\ses-2\eeg\sub-08_MI-SES_run-3_eeg.set,8.09,False
sub-08,ses-2,Task-run,sub-08_MI-SES_run-4_eeg.set,PEEG\sub-08\ses-2\eeg\sub-08_MI-SES_run-4_eeg.set,8.15,False
sub-08,ses-3,Task-run,sub-08_MI-IES_run-1_eeg.set,PEEG\sub-08\ses-3\eeg\sub-08_MI-IES_run-1_eeg.set,8.14,False
sub-08,ses-3,Task-run,sub-08_MI-IES_run-2_eeg.set,PEEG\sub-08\ses-3\eeg\sub-08_MI-IES_run-2_eeg.set,8.14,False
sub-09,ses-1,Pre-rehabilitation,sub-09_pre_run-1_eeg.set,PEEG\sub-09\ses-1\eeg\sub-09_pre_run-1_eeg.set,8.15,False
sub-09,ses-1,Pre-rehabilitation,sub-09_pre_run-2_eeg.set,PEEG\sub-09\ses-1\eeg\sub-09_pre_run-2_eeg.set,8.15,False
sub-09,ses-1,Pre-rehabilitation,sub-09_pre_run-3_eeg.set,PEEG\sub-09\ses-1\eeg\sub-09_pre_run-3_eeg.set,8.14,False
sub-09,ses-1,Pre-rehabilitation,sub-09_pre_run-4_eeg.set,PEEG\sub-09\ses-1\eeg\sub-09_pre_run-4_eeg.set,8.15,False
sub-09,ses-2,Task-run,sub-09_MI-SES_run-1_eeg.set,PEEG\sub-09\ses-2\eeg\sub-09_MI-SES_run-1_eeg.set,8.15,False
sub-09,ses-2,Task-run,sub-09_MI-SES_run-2_eeg.set,PEEG\sub-09\ses-2\eeg\sub-09_MI-SES_run-2_eeg.set,8.15,False
sub-09,ses-2,Task-run,sub-09_MI-SES_run-3_eeg.set,PEEG\sub-09\ses-2\eeg\sub-09_MI-SES_run-3_eeg.set,8.15,False
sub-09,ses-2,Task-run,sub-09_MI-SES_run-4_eeg.set,PEEG\sub-09\ses-2\eeg\sub-09_MI-SES_run-4_eeg.set,8.15,False
sub-09,ses-3,Task-run,sub-09_MI-IES_run-1_eeg.set,PEEG\sub-09\ses-3\eeg\sub-09_MI-IES_run-1_eeg.set,8.15,False
sub-09,ses-3,Task-run,sub-09_MI-IES_run-2_eeg.set,PEEG\sub-09\ses-3\eeg\sub-09_MI-IES_run-2_eeg.set,8.15,False
sub-09,ses-3,Task-run,sub-09_MI-IES_run-3_eeg.set,PEEG\sub-09\ses-3\eeg\sub-09_MI-IES_run-3_eeg.set,8.15,False
sub-09,ses-3,Task-run,sub-09_MI-IES_run-4_eeg.set,PEEG\sub-09\ses-3\eeg\sub-09_MI-IES_run-4_eeg.set,8.15,False
sub-09,ses-4,Post-rehabilitation,sub-09_post_run-1_eeg.set,PEEG\sub-09\ses-4\eeg\sub-09_post_run-1_eeg.set,8.15,False
sub-09,ses-4,Post-rehabilitation,sub-09_post_run-2_eeg.set,PEEG\sub-09\ses-4\eeg\sub-09_post_run-2_eeg.set,8.15,False
sub-09,ses-4,Post-rehabilitation,sub-09_post_run-3_eeg.set,PEEG\sub-09\ses-4\eeg\sub-09_post_run-3_eeg.set,8.15,False
sub-09,ses-4,Post-rehabilitation,sub-09_post_run-4_eeg.set,PEEG\sub-09\ses-4\eeg\sub-09_post_run-4_eeg.set,8.15,False
sub-09,ses-5,Task-run,sub-09_follow_run-1_eeg.set,PEEG\sub-09\ses-5\eeg\sub-09_follow_run-1_eeg.set,8.15,False
sub-09,ses-5,Task-run,sub-09_follow_run-2_eeg.set,PEEG\sub-09\ses-5\eeg\sub-09_follow_run-2_eeg.set,8.15,False
sub-09,ses-5,Task-run,sub-09_follow_run-3_eeg.set,PEEG\sub-09\ses-5\eeg\sub-09_follow_run-3_eeg.set,8.15,False
sub-09,ses-5,Task-run,sub-09_follow_run-4_eeg.set,PEEG\sub-09\ses-5\eeg\sub-09_follow_run-4_eeg.set,8.15,False
sub-10,ses-1,Pre-rehabilitation,sub-10_pre_run-1_eeg.set,PEEG\sub-10\ses-1\eeg\sub-10_pre_run-1_eeg.set,8.15,False
sub-10,ses-1,Pre-rehabilitation,sub-10_pre_run-2_eeg.set,PEEG\sub-10\ses-1\eeg\sub-10_pre_run-2_eeg.set,8.15,False
sub-10,ses-1,Pre-rehabilitation,sub-10_pre_run-3_eeg.set,PEEG\sub-10\ses-1\eeg\sub-10_pre_run-3_eeg.set,8.15,False
sub-10,ses-1,Pre-rehabilitation,sub-10_pre_run-4_eeg.set,PEEG\sub-10\ses-1\eeg\sub-10_pre_run-4_eeg.set,8.15,False
sub-10,ses-2,Task-run,sub-10_MI-SES_run-1_eeg.set,PEEG\sub-10\ses-2\eeg\sub-10_MI-SES_run-1_eeg.set,8.15,False
sub-10,ses-2,Task-run,sub-10_MI-SES_run-2_eeg.set,PEEG\sub-10\ses-2\eeg\sub-10_MI-SES_run-2_eeg.set,8.13,False
sub-10,ses-2,Task-run,sub-10_MI-SES_run-3_eeg.set,PEEG\sub-10\ses-2\eeg\sub-10_MI-SES_run-3_eeg.set,8.16,False
sub-10,ses-2,Task-run,sub-10_MI-SES_run-4_eeg.set,PEEG\sub-10\ses-2\eeg\sub-10_MI-SES_run-4_eeg.set,8.16,False
sub-10,ses-3,Task-run,sub-10_MI-IES_run-1_eeg.set,PEEG\sub-10\ses-3\eeg\sub-10_MI-IES_run-1_eeg.set,8.15,False
sub-10,ses-3,Task-run,sub-10_MI-IES_run-2_eeg.set,PEEG\sub-10\ses-3\eeg\sub-10_MI-IES_run-2_eeg.set,8.15,False
sub-10,ses-3,Task-run,sub-10_MI-IES_run-3_eeg.set,PEEG\sub-10\ses-3\eeg\sub-10_MI-IES_run-3_eeg.set,8.15,False
sub-10,ses-3,Task-run,sub-10_MI-IES_run-4_eeg.set,PEEG\sub-10\ses-3\eeg\sub-10_MI-IES_run-4_eeg.set,8.15,False
sub-10,ses-4,Post-rehabilitation,sub-10_post_run-1_eeg.set,PEEG\sub-10\ses-4\eeg\sub-10_post_run-1_eeg.set,8.15,False
sub-10,ses-4,Post-rehabilitation,sub-10_post_run-2_eeg.set,PEEG\sub-10\ses-4\eeg\sub-10_post_run-2_eeg.set,8.15,False
sub-10,ses-4,Post-rehabilitation,sub-10_post_run-3_eeg.set,PEEG\sub-10\ses-4\eeg\sub-10_post_run-3_eeg.set,8.15,False
sub-10,ses-4,Post-rehabilitation,sub-10_post_run-4_eeg.set,PEEG\sub-10\ses-4\eeg\sub-10_post_run-4_eeg.set,8.15,False
sub-10,ses-5,Task-run,sub-10_follow_run-1_eeg.set,PEEG\sub-10\ses-5\eeg\sub-10_follow_run-1_eeg.set,8.15,False
sub-10,ses-5,Task-run,sub-10_follow_run-2_eeg.set,PEEG\sub-10\ses-5\eeg\sub-10_follow_run-2_eeg.set,8.15,False
sub-10,ses-5,Task-run,sub-10_follow_run-3_eeg.set,PEEG\sub-10\ses-5\eeg\sub-10_follow_run-3_eeg.set,8.15,False
sub-10,ses-5,Task-run,sub-10_follow_run-4_eeg.set,PEEG\sub-10\ses-5\eeg\sub-10_follow_run-4_eeg.set,8.15,False
sub-11,ses-1,Pre-rehabilitation,sub-11_pre_run-1_eeg.set,PEEG\sub-11\ses-1\eeg\sub-11_pre_run-1_eeg.set,8.15,False
sub-11,ses-1,Pre-rehabilitation,sub-11_pre_run-2_eeg.set,PEEG\sub-11\ses-1\eeg\sub-11_pre_run-2_eeg.set,8.15,False
sub-11,ses-1,Pre-rehabilitation,sub-11_pre_run-3_eeg.set,PEEG\sub-11\ses-1\eeg\sub-11_pre_run-3_eeg.set,8.15,False
sub-11,ses-1,Pre-rehabilitation,sub-11_pre_run-4_eeg.set,PEEG\sub-11\ses-1\eeg\sub-11_pre_run-4_eeg.set,8.15,False
sub-11,ses-2,Task-run,sub-11_MI-SES_run-1_eeg.set,PEEG\sub-11\ses-2\eeg\sub-11_MI-SES_run-1_eeg.set,8.15,False
sub-11,ses-2,Task-run,sub-11_MI-SES_run-2_eeg.set,PEEG\sub-11\ses-2\eeg\sub-11_MI-SES_run-2_eeg.set,8.16,False
sub-11,ses-2,Task-run,sub-11_MI-SES_run-3_eeg.set,PEEG\sub-11\ses-2\eeg\sub-11_MI-SES_run-3_eeg.set,8.15,False
sub-11,ses-2,Task-run,sub-11_MI-SES_run-4_eeg.set,PEEG\sub-11\ses-2\eeg\sub-11_MI-SES_run-4_eeg.set,8.16,False
sub-11,ses-3,Task-run,sub-11_MI-IES_run-1_eeg.set,PEEG\sub-11\ses-3\eeg\sub-11_MI-IES_run-1_eeg.set,8.16,False
sub-11,ses-3,Task-run,sub-11_MI-IES_run-2_eeg.set,PEEG\sub-11\ses-3\eeg\sub-11_MI-IES_run-2_eeg.set,8.15,False
sub-11,ses-3,Task-run,sub-11_MI-IES_run-3_eeg.set,PEEG\sub-11\ses-3\eeg\sub-11_MI-IES_run-3_eeg.set,8.15,False
sub-11,ses-3,Task-run,sub-11_MI-IES_run-4_eeg.set,PEEG\sub-11\ses-3\eeg\sub-11_MI-IES_run-4_eeg.set,8.14,False
sub-12,ses-1,Pre-rehabilitation,sub-12_pre_run-1_eeg.set,PEEG\sub-12\ses-1\eeg\sub-12_pre_run-1_eeg.set,8.15,False
sub-12,ses-1,Pre-rehabilitation,sub-12_pre_run-2_eeg.set,PEEG\sub-12\ses-1\eeg\sub-12_pre_run-2_eeg.set,8.15,False
sub-12,ses-1,Pre-rehabilitation,sub-12_pre_run-3_eeg.set,PEEG\sub-12\ses-1\eeg\sub-12_pre_run-3_eeg.set,8.15,False
sub-12,ses-1,Pre-rehabilitation,sub-12_pre_run-4_eeg.set,PEEG\sub-12\ses-1\eeg\sub-12_pre_run-4_eeg.set,8.15,False
sub-12,ses-2,Task-run,sub-12_MI-SES_run-1_eeg.set,PEEG\sub-12\ses-2\eeg\sub-12_MI-SES_run-1_eeg.set,8.15,False
sub-12,ses-2,Task-run,sub-12_MI-SES_run-2_eeg.set,PEEG\sub-12\ses-2\eeg\sub-12_MI-SES_run-2_eeg.set,8.16,False
sub-12,ses-2,Task-run,sub-12_MI-SES_run-3_eeg.set,PEEG\sub-12\ses-2\eeg\sub-12_MI-SES_run-3_eeg.set,8.15,False
sub-12,ses-2,Task-run,sub-12_MI-SES_run-4_eeg.set,PEEG\sub-12\ses-2\eeg\sub-12_MI-SES_run-4_eeg.set,8.16,False
sub-12,ses-3,Task-run,sub-12_MI-IES_run-1_eeg.set,PEEG\sub-12\ses-3\eeg\sub-12_MI-IES_run-1_eeg.set,4.74,False
sub-12,ses-3,Task-run,sub-12_MI-IES_run-2_eeg.set,PEEG\sub-12\ses-3\eeg\sub-12_MI-IES_run-2_eeg.set,3.33,False
sub-12,ses-3,Task-run,sub-12_MI-IES_run-3_eeg.set,PEEG\sub-12\ses-3\eeg\sub-12_MI-IES_run-3_eeg.set,8.15,False
sub-12,ses-3,Task-run,sub-12_MI-IES_run-4_eeg.set,PEEG\sub-12\ses-3\eeg\sub-12_MI-IES_run-4_eeg.set,8.15,False
sub-12,ses-3,Task-run,sub-12_MI-IES_run-5_eeg.set,PEEG\sub-12\ses-3\eeg\sub-12_MI-IES_run-5_eeg.set,8.15,False
sub-12,ses-4,Post-rehabilitation,sub-12_post_run-1_eeg.set,PEEG\sub-12\ses-4\eeg\sub-12_post_run-1_eeg.set,8.15,False
sub-12,ses-4,Post-rehabilitation,sub-12_post_run-2_eeg.set,PEEG\sub-12\ses-4\eeg\sub-12_post_run-2_eeg.set,8.15,False
sub-12,ses-4,Post-rehabilitation,sub-12_post_run-3_eeg.set,PEEG\sub-12\ses-4\eeg\sub-12_post_run-3_eeg.set,8.15,False
sub-12,ses-4,Post-rehabilitation,sub-12_post_run-4_eeg.set,PEEG\sub-12\ses-4\eeg\sub-12_post_run-4_eeg.set,8.15,False
sub-12,ses-5,Task-run,sub-12_follow_run-1_eeg.set,PEEG\sub-12\ses-5\eeg\sub-12_follow_run-1_eeg.set,8.16,False
sub-12,ses-5,Task-run,sub-12_follow_run-2_eeg.set,PEEG\sub-12\ses-5\eeg\sub-12_follow_run-2_eeg.set,8.15,False
sub-12,ses-5,Task-run,sub-12_follow_run-3_eeg.set,PEEG\sub-12\ses-5\eeg\sub-12_follow_run-3_eeg.set,8.15,False
sub-12,ses-5,Task-run,sub-12_follow_run-4_eeg.set,PEEG\sub-12\ses-5\eeg\sub-12_follow_run-4_eeg.set,8.15,False
sub-13,ses-1,Pre-rehabilitation,sub-13_pre_run-1_eeg.set,PEEG\sub-13\ses-1\eeg\sub-13_pre_run-1_eeg.set,8.15,False
sub-13,ses-1,Pre-rehabilitation,sub-13_pre_run-2_eeg.set,PEEG\sub-13\ses-1\eeg\sub-13_pre_run-2_eeg.set,8.15,False
sub-13,ses-1,Pre-rehabilitation,sub-13_pre_run-3_eeg.set,PEEG\sub-13\ses-1\eeg\sub-13_pre_run-3_eeg.set,8.15,False
sub-13,ses-1,Pre-rehabilitation,sub-13_pre_run-4_eeg.set,PEEG\sub-13\ses-1\eeg\sub-13_pre_run-4_eeg.set,8.15,False
sub-13,ses-2,Task-run,sub-13_MI-SES_run-1_eeg.set,PEEG\sub-13\ses-2\eeg\sub-13_MI-SES_run-1_eeg.set,8.15,False
sub-13,ses-2,Task-run,sub-13_MI-SES_run-2_eeg.set,PEEG\sub-13\ses-2\eeg\sub-13_MI-SES_run-2_eeg.set,8.15,False
sub-13,ses-2,Task-run,sub-13_MI-SES_run-3_eeg.set,PEEG\sub-13\ses-2\eeg\sub-13_MI-SES_run-3_eeg.set,8.15,False
sub-13,ses-2,Task-run,sub-13_MI-SES_run-4_eeg.set,PEEG\sub-13\ses-2\eeg\sub-13_MI-SES_run-4_eeg.set,8.15,False
sub-13,ses-3,Task-run,sub-13_MI-IES_run-1_eeg.set,PEEG\sub-13\ses-3\eeg\sub-13_MI-IES_run-1_eeg.set,8.15,False
sub-13,ses-3,Task-run,sub-13_MI-IES_run-2_eeg.set,PEEG\sub-13\ses-3\eeg\sub-13_MI-IES_run-2_eeg.set,8.15,False
sub-13,ses-3,Task-run,sub-13_MI-IES_run-3_eeg.set,PEEG\sub-13\ses-3\eeg\sub-13_MI-IES_run-3_eeg.set,8.15,False
sub-13,ses-3,Task-run,sub-13_MI-IES_run-4_eeg.set,PEEG\sub-13\ses-3\eeg\sub-13_MI-IES_run-4_eeg.set,8.15,False
sub-13,ses-4,Post-rehabilitation,sub-13_post_run-1_eeg.set,PEEG\sub-13\ses-4\eeg\sub-13_post_run-1_eeg.set,8.15,False
sub-13,ses-4,Post-rehabilitation,sub-13_post_run-2_eeg.set,PEEG\sub-13\ses-4\eeg\sub-13_post_run-2_eeg.set,8.15,False
sub-13,ses-4,Post-rehabilitation,sub-13_post_run-3_eeg.set,PEEG\sub-13\ses-4\eeg\sub-13_post_run-3_eeg.set,8.15,False
sub-13,ses-4,Post-rehabilitation,sub-13_post_run-4_eeg.set,PEEG\sub-13\ses-4\eeg\sub-13_post_run-4_eeg.set,8.15,False
sub-13,ses-5,Task-run,sub-13_follow_run-1_eeg.set,PEEG\sub-13\ses-5\eeg\sub-13_follow_run-1_eeg.set,8.16,False
sub-13,ses-5,Task-run,sub-13_follow_run-2_eeg.set,PEEG\sub-13\ses-5\eeg\sub-13_follow_run-2_eeg.set,8.16,False
sub-13,ses-5,Task-run,sub-13_follow_run-3_eeg.set,PEEG\sub-13\ses-5\eeg\sub-13_follow_run-3_eeg.set,8.16,False
sub-13,ses-5,Task-run,sub-13_follow_run-4_eeg.set,PEEG\sub-13\ses-5\eeg\sub-13_follow_run-4_eeg.set,5.34,False
sub-14,ses-1,Pre-rehabilitation,sub-14_pre_run-1_eeg.set,PEEG\sub-14\ses-1\eeg\sub-14_pre_run-1_eeg.set,8.15,False
sub-14,ses-1,Pre-rehabilitation,sub-14_pre_run-2_eeg.set,PEEG\sub-14\ses-1\eeg\sub-14_pre_run-2_eeg.set,8.15,False
sub-14,ses-1,Pre-rehabilitation,sub-14_pre_run-3_eeg.set,PEEG\sub-14\ses-1\eeg\sub-14_pre_run-3_eeg.set,8.15,False
sub-14,ses-1,Pre-rehabilitation,sub-14_pre_run-4_eeg.set,PEEG\sub-14\ses-1\eeg\sub-14_pre_run-4_eeg.set,8.15,False
sub-14,ses-2,Task-run,sub-14_MI-SES_run-1_eeg.set,PEEG\sub-14\ses-2\eeg\sub-14_MI-SES_run-1_eeg.set,8.15,False
sub-14,ses-2,Task-run,sub-14_MI-SES_run-2_eeg.set,PEEG\sub-14\ses-2\eeg\sub-14_MI-SES_run-2_eeg.set,8.15,False
sub-14,ses-2,Task-run,sub-14_MI-SES_run-3_eeg.set,PEEG\sub-14\ses-2\eeg\sub-14_MI-SES_run-3_eeg.set,8.15,False
sub-14,ses-2,Task-run,sub-14_MI-SES_run-4_eeg.set,PEEG\sub-14\ses-2\eeg\sub-14_MI-SES_run-4_eeg.set,8.15,False
sub-14,ses-3,Task-run,sub-14_MI-IES_run-1_eeg.set,PEEG\sub-14\ses-3\eeg\sub-14_MI-IES_run-1_eeg.set,8.15,False
sub-14,ses-3,Task-run,sub-14_MI-IES_run-2_eeg.set,PEEG\sub-14\ses-3\eeg\sub-14_MI-IES_run-2_eeg.set,8.15,False
sub-14,ses-3,Task-run,sub-14_MI-IES_run-3_eeg.set,PEEG\sub-14\ses-3\eeg\sub-14_MI-IES_run-3_eeg.set,8.15,False
sub-14,ses-3,Task-run,sub-14_MI-IES_run-4_eeg.set,PEEG\sub-14\ses-3\eeg\sub-14_MI-IES_run-4_eeg.set,8.15,False
sub-14,ses-4,Post-rehabilitation,sub-14_post_run-1_eeg.set,PEEG\sub-14\ses-4\eeg\sub-14_post_run-1_eeg.set,8.16,False
sub-14,ses-4,Post-rehabilitation,sub-14_post_run-2_eeg.set,PEEG\sub-14\ses-4\eeg\sub-14_post_run-2_eeg.set,8.15,False
sub-14,ses-4,Post-rehabilitation,sub-14_post_run-3_eeg.set,PEEG\sub-14\ses-4\eeg\sub-14_post_run-3_eeg.set,8.15,False
sub-14,ses-4,Post-rehabilitation,sub-14_post_run-4_eeg.set,PEEG\sub-14\ses-4\eeg\sub-14_post_run-4_eeg.set,8.15,False
sub-14,ses-5,Task-run,sub-14_follow_run-1_eeg.set,PEEG\sub-14\ses-5\eeg\sub-14_follow_run-1_eeg.set,8.15,False
sub-14,ses-5,Task-run,sub-14_follow_run-2_eeg.set,PEEG\sub-14\ses-5\eeg\sub-14_follow_run-2_eeg.set,8.15,False
sub-14,ses-5,Task-run,sub-14_follow_run-3_eeg.set,PEEG\sub-14\ses-5\eeg\sub-14_follow_run-3_eeg.set,8.15,False
sub-14,ses-5,Task-run,sub-14_follow_run-4_eeg.set,PEEG\sub-14\ses-5\eeg\sub-14_follow_run-4_eeg.set,8.15,False
sub-15,ses-1,Pre-rehabilitation,sub-15_pre_run-1_eeg.set,PEEG\sub-15\ses-1\eeg\sub-15_pre_run-1_eeg.set,8.16,False
sub-15,ses-1,Pre-rehabilitation,sub-15_pre_run-2_eeg.set,PEEG\sub-15\ses-1\eeg\sub-15_pre_run-2_eeg.set,8.16,False
sub-15,ses-1,Pre-rehabilitation,sub-15_pre_run-3_eeg.set,PEEG\sub-15\ses-1\eeg\sub-15_pre_run-3_eeg.set,8.16,False
sub-15,ses-1,Pre-rehabilitation,sub-15_pre_run-4_eeg.set,PEEG\sub-15\ses-1\eeg\sub-15_pre_run-4_eeg.set,8.16,False
sub-15,ses-2,Task-run,sub-15_MI-SES_run-1_eeg.set,PEEG\sub-15\ses-2\eeg\sub-15_MI-SES_run-1_eeg.set,8.15,False
sub-15,ses-2,Task-run,sub-15_MI-SES_run-2_eeg.set,PEEG\sub-15\ses-2\eeg\sub-15_MI-SES_run-2_eeg.set,8.15,False
sub-15,ses-2,Task-run,sub-15_MI-SES_run-3_eeg.set,PEEG\sub-15\ses-2\eeg\sub-15_MI-SES_run-3_eeg.set,8.15,False
sub-15,ses-2,Task-run,sub-15_MI-SES_run-4_eeg.set,PEEG\sub-15\ses-2\eeg\sub-15_MI-SES_run-4_eeg.set,8.15,False
sub-15,ses-3,Task-run,sub-15_MI-IES_run-1_eeg.set,PEEG\sub-15\ses-3\eeg\sub-15_MI-IES_run-1_eeg.set,8.15,False
sub-15,ses-3,Task-run,sub-15_MI-IES_run-2_eeg.set,PEEG\sub-15\ses-3\eeg\sub-15_MI-IES_run-2_eeg.set,8.15,False
sub-15,ses-3,Task-run,sub-15_MI-IES_run-3_eeg.set,PEEG\sub-15\ses-3\eeg\sub-15_MI-IES_run-3_eeg.set,8.15,False
sub-15,ses-3,Task-run,sub-15_MI-IES_run-4_eeg.set,PEEG\sub-15\ses-3\eeg\sub-15_MI-IES_run-4_eeg.set,8.15,False
sub-15,ses-4,Post-rehabilitation,sub-15_post_run-1_eeg.set,PEEG\sub-15\ses-4\eeg\sub-15_post_run-1_eeg.set,8.15,False
sub-15,ses-4,Post-rehabilitation,sub-15_post_run-2_eeg.set,PEEG\sub-15\ses-4\eeg\sub-15_post_run-2_eeg.set,8.15,False
sub-15,ses-4,Post-rehabilitation,sub-15_post_run-3_eeg.set,PEEG\sub-15\ses-4\eeg\sub-15_post_run-3_eeg.set,8.15,False
sub-15,ses-4,Post-rehabilitation,sub-15_post_run-4_eeg.set,PEEG\sub-15\ses-4\eeg\sub-15_post_run-4_eeg.set,8.15,False
sub-15,ses-5,Task-run,sub-15_follow_run-1_eeg.set,PEEG\sub-15\ses-5\eeg\sub-15_follow_run-1_eeg.set,8.15,False
sub-15,ses-5,Task-run,sub-15_follow_run-2_eeg.set,PEEG\sub-15\ses-5\eeg\sub-15_follow_run-2_eeg.set,8.15,False
sub-15,ses-5,Task-run,sub-15_follow_run-3_eeg.set,PEEG\sub-15\ses-5\eeg\sub-15_follow_run-3_eeg.set,8.15,False
sub-15,ses-5,Task-run,sub-15_follow_run-4_eeg.set,PEEG\sub-15\ses-5\eeg\sub-15_follow_run-4_eeg.set,8.15,False
sub-16,ses-1,Pre-rehabilitation,sub-16_pre_run-1_eeg.set,PEEG\sub-16\ses-1\eeg\sub-16_pre_run-1_eeg.set,8.15,False
sub-16,ses-1,Pre-rehabilitation,sub-16_pre_run-2_eeg.set,PEEG\sub-16\ses-1\eeg\sub-16_pre_run-2_eeg.set,8.15,False
sub-16,ses-1,Pre-rehabilitation,sub-16_pre_run-3_eeg.set,PEEG\sub-16\ses-1\eeg\sub-16_pre_run-3_eeg.set,8.15,False
sub-16,ses-1,Pre-rehabilitation,sub-16_pre_run-4_eeg.set,PEEG\sub-16\ses-1\eeg\sub-16_pre_run-4_eeg.set,8.15,False
sub-16,ses-2,Post-rehabilitation,sub-16_post_run-1_eeg.set,PEEG\sub-16\ses-2\eeg\sub-16_post_run-1_eeg.set,8.16,False
sub-16,ses-2,Post-rehabilitation,sub-16_post_run-2_eeg.set,PEEG\sub-16\ses-2\eeg\sub-16_post_run-2_eeg.set,8.16,False
sub-16,ses-2,Post-rehabilitation,sub-16_post_run-3_eeg.set,PEEG\sub-16\ses-2\eeg\sub-16_post_run-3_eeg.set,8.16,False
sub-16,ses-2,Post-rehabilitation,sub-16_post_run-4_eeg.set,PEEG\sub-16\ses-2\eeg\sub-16_post_run-4_eeg.set,8.16,False
sub-16,ses-3,Task-run,sub-16_follow_run-1_eeg.set,PEEG\sub-16\ses-3\eeg\sub-16_follow_run-1_eeg.set,8.15,False
sub-16,ses-3,Task-run,sub-16_follow_run-2_eeg.set,PEEG\sub-16\ses-3\eeg\sub-16_follow_run-2_eeg.set,8.15,False
sub-16,ses-3,Task-run,sub-16_follow_run-3_eeg.set,PEEG\sub-16\ses-3\eeg\sub-16_follow_run-3_eeg.set,8.15,False
sub-16,ses-3,Task-run,sub-16_follow_run-4_eeg.set,PEEG\sub-16\ses-3\eeg\sub-16_follow_run-4_eeg.set,8.15,False
sub-17,ses-1,Pre-rehabilitation,sub-17_pre_run-1_eeg.set,PEEG\sub-17\ses-1\eeg\sub-17_pre_run-1_eeg.set,8.15,False
sub-17,ses-1,Pre-rehabilitation,sub-17_pre_run-2_eeg.set,PEEG\sub-17\ses-1\eeg\sub-17_pre_run-2_eeg.set,8.15,False
sub-17,ses-1,Pre-rehabilitation,sub-17_pre_run-3_eeg.set,PEEG\sub-17\ses-1\eeg\sub-17_pre_run-3_eeg.set,8.15,False
sub-17,ses-1,Pre-rehabilitation,sub-17_pre_run-4_eeg.set,PEEG\sub-17\ses-1\eeg\sub-17_pre_run-4_eeg.set,8.15,False
sub-17,ses-2,Post-rehabilitation,sub-17_post_run-1_eeg.set,PEEG\sub-17\ses-2\eeg\sub-17_post_run-1_eeg.set,8.16,False
sub-17,ses-2,Post-rehabilitation,sub-17_post_run-2_eeg.set,PEEG\sub-17\ses-2\eeg\sub-17_post_run-2_eeg.set,8.15,False
sub-17,ses-2,Post-rehabilitation,sub-17_post_run-3_eeg.set,PEEG\sub-17\ses-2\eeg\sub-17_post_run-3_eeg.set,8.15,False
sub-17,ses-2,Post-rehabilitation,sub-17_post_run-4_eeg.set,PEEG\sub-17\ses-2\eeg\sub-17_post_run-4_eeg.set,8.15,False
sub-17,ses-3,Task-run,sub-17_follow_run-1_eeg.set,PEEG\sub-17\ses-3\eeg\sub-17_follow_run-1_eeg.set,8.16,False
sub-17,ses-3,Task-run,sub-17_follow_run-2_eeg.set,PEEG\sub-17\ses-3\eeg\sub-17_follow_run-2_eeg.set,8.16,False
sub-17,ses-3,Task-run,sub-17_follow_run-3_eeg.set,PEEG\sub-17\ses-3\eeg\sub-17_follow_run-3_eeg.set,8.16,False
sub-17,ses-3,Task-run,sub-17_follow_run-4_eeg.set,PEEG\sub-17\ses-3\eeg\sub-17_follow_run-4_eeg.set,8.16,False
sub-18,ses-1,Pre-rehabilitation,sub-18_pre_run-1_eeg.set,PEEG\sub-18\ses-1\eeg\sub-18_pre_run-1_eeg.set,8.15,False
sub-18,ses-1,Pre-rehabilitation,sub-18_pre_run-2_eeg.set,PEEG\sub-18\ses-1\eeg\sub-18_pre_run-2_eeg.set,8.15,False
sub-18,ses-1,Pre-rehabilitation,sub-18_pre_run-3_eeg.set,PEEG\sub-18\ses-1\eeg\sub-18_pre_run-3_eeg.set,8.15,False
sub-18,ses-1,Pre-rehabilitation,sub-18_pre_run-4_eeg.set,PEEG\sub-18\ses-1\eeg\sub-18_pre_run-4_eeg.set,8.15,False
sub-18,ses-2,Post-rehabilitation,sub-18_post_run-1_eeg.set,PEEG\sub-18\ses-2\eeg\sub-18_post_run-1_eeg.set,8.15,False
sub-18,ses-2,Post-rehabilitation,sub-18_post_run-2_eeg.set,PEEG\sub-18\ses-2\eeg\sub-18_post_run-2_eeg.set,8.15,False
sub-18,ses-2,Post-rehabilitation,sub-18_post_run-3_eeg.set,PEEG\sub-18\ses-2\eeg\sub-18_post_run-3_eeg.set,8.15,False
sub-18,ses-2,Post-rehabilitation,sub-18_post_run-4_eeg.set,PEEG\sub-18\ses-2\eeg\sub-18_post_run-4_eeg.set,8.15,False
sub-18,ses-3,Task-run,sub-18_follow_run-1_eeg.set,PEEG\sub-18\ses-3\eeg\sub-18_follow_run-1_eeg.set,8.15,False
sub-18,ses-3,Task-run,sub-18_follow_run-2_eeg.set,PEEG\sub-18\ses-3\eeg\sub-18_follow_run-2_eeg.set,8.15,False
sub-18,ses-3,Task-run,sub-18_follow_run-3_eeg.set,PEEG\sub-18\ses-3\eeg\sub-18_follow_run-3_eeg.set,8.15,False
sub-18,ses-3,Task-run,sub-18_follow_run-4_eeg.set,PEEG\sub-18\ses-3\eeg\sub-18_follow_run-4_eeg.set,8.15,False
sub-19,ses-1,Pre-rehabilitation,sub-19_pre_run-1_eeg.set,PEEG\sub-19\ses-1\eeg\sub-19_pre_run-1_eeg.set,8.14,False
sub-19,ses-1,Pre-rehabilitation,sub-19_pre_run-2_eeg.set,PEEG\sub-19\ses-1\eeg\sub-19_pre_run-2_eeg.set,8.14,False
sub-19,ses-1,Pre-rehabilitation,sub-19_pre_run-3_eeg.set,PEEG\sub-19\ses-1\eeg\sub-19_pre_run-3_eeg.set,8.14,False
sub-19,ses-1,Pre-rehabilitation,sub-19_pre_run-4_eeg.set,PEEG\sub-19\ses-1\eeg\sub-19_pre_run-4_eeg.set,8.14,False
sub-19,ses-1,Pre-rehabilitation,sub-19_pre_run-5_eeg.set,PEEG\sub-19\ses-1\eeg\sub-19_pre_run-5_eeg.set,8.15,False
sub-19,ses-2,Post-rehabilitation,sub-19_post_run-1_eeg.set,PEEG\sub-19\ses-2\eeg\sub-19_post_run-1_eeg.set,8.15,False
sub-19,ses-2,Post-rehabilitation,sub-19_post_run-2_eeg.set,PEEG\sub-19\ses-2\eeg\sub-19_post_run-2_eeg.set,8.15,False
sub-19,ses-2,Post-rehabilitation,sub-19_post_run-3_eeg.set,PEEG\sub-19\ses-2\eeg\sub-19_post_run-3_eeg.set,8.15,False
sub-19,ses-2,Post-rehabilitation,sub-19_post_run-4_eeg.set,PEEG\sub-19\ses-2\eeg\sub-19_post_run-4_eeg.set,8.15,False
sub-19,ses-2,Post-rehabilitation,sub-19_post_run-5_eeg.set,PEEG\sub-19\ses-2\eeg\sub-19_post_run-5_eeg.set,8.15,False
sub-19,ses-3,Task-run,sub-19_follow_run-1_eeg.set,PEEG\sub-19\ses-3\eeg\sub-19_follow_run-1_eeg.set,8.16,False
sub-19,ses-3,Task-run,sub-19_follow_run-2_eeg.set,PEEG\sub-19\ses-3\eeg\sub-19_follow_run-2_eeg.set,8.15,False
sub-19,ses-3,Task-run,sub-19_follow_run-3_eeg.set,PEEG\sub-19\ses-3\eeg\sub-19_follow_run-3_eeg.set,8.15,False
sub-19,ses-3,Task-run,sub-19_follow_run-4_eeg.set,PEEG\sub-19\ses-3\eeg\sub-19_follow_run-4_eeg.set,8.15,False
sub-19,ses-3,Task-run,sub-19_follow_run-5_eeg.set,PEEG\sub-19\ses-3\eeg\sub-19_follow_run-5_eeg.set,8.15,False
sub-20,ses-1,Pre-rehabilitation,sub-20_pre_run-1_eeg.set,PEEG\sub-20\ses-1\eeg\sub-20_pre_run-1_eeg.set,8.15,False
sub-20,ses-1,Pre-rehabilitation,sub-20_pre_run-2_eeg.set,PEEG\sub-20\ses-1\eeg\sub-20_pre_run-2_eeg.set,8.15,False
sub-20,ses-1,Pre-rehabilitation,sub-20_pre_run-3_eeg.set,PEEG\sub-20\ses-1\eeg\sub-20_pre_run-3_eeg.set,8.15,False
sub-20,ses-1,Pre-rehabilitation,sub-20_pre_run-4_eeg.set,PEEG\sub-20\ses-1\eeg\sub-20_pre_run-4_eeg.set,8.15,False
sub-20,ses-2,Post-rehabilitation,sub-20_post_run-1_eeg.set,PEEG\sub-20\ses-2\eeg\sub-20_post_run-1_eeg.set,8.15,False
sub-20,ses-2,Post-rehabilitation,sub-20_post_run-2_eeg.set,PEEG\sub-20\ses-2\eeg\sub-20_post_run-2_eeg.set,8.15,False
sub-20,ses-2,Post-rehabilitation,sub-20_post_run-3_eeg.set,PEEG\sub-20\ses-2\eeg\sub-20_post_run-3_eeg.set,8.15,False
sub-20,ses-2,Post-rehabilitation,sub-20_post_run-4_eeg.set,PEEG\sub-20\ses-2\eeg\sub-20_post_run-4_eeg.set,8.15,False
sub-20,ses-3,Task-run,sub-20_follow_run-1_eeg.set,PEEG\sub-20\ses-3\eeg\sub-20_follow_run-1_eeg.set,8.15,False
sub-20,ses-3,Task-run,sub-20_follow_run-2_eeg.set,PEEG\sub-20\ses-3\eeg\sub-20_follow_run-2_eeg.set,8.15,False
sub-20,ses-3,Task-run,sub-20_follow_run-3_eeg.set,PEEG\sub-20\ses-3\eeg\sub-20_follow_run-3_eeg.set,8.15,False
sub-20,ses-3,Task-run,sub-20_follow_run-4_eeg.set,PEEG\sub-20\ses-3\eeg\sub-20_follow_run-4_eeg.set,8.15,False
sub-21,ses-1,Pre-rehabilitation,sub-21_pre_run-1_eeg.set,PEEG\sub-21\ses-1\eeg\sub-21_pre_run-1_eeg.set,8.15,False
sub-21,ses-1,Pre-rehabilitation,sub-21_pre_run-2_eeg.set,PEEG\sub-21\ses-1\eeg\sub-21_pre_run-2_eeg.set,8.15,False
sub-21,ses-1,Pre-rehabilitation,sub-21_pre_run-3_eeg.set,PEEG\sub-21\ses-1\eeg\sub-21_pre_run-3_eeg.set,8.15,False
sub-21,ses-1,Pre-rehabilitation,sub-21_pre_run-4_eeg.set,PEEG\sub-21\ses-1\eeg\sub-21_pre_run-4_eeg.set,8.15,False
sub-21,ses-2,Post-rehabilitation,sub-21_post_run-1_eeg.set,PEEG\sub-21\ses-2\eeg\sub-21_post_run-1_eeg.set,8.15,False
sub-21,ses-2,Post-rehabilitation,sub-21_post_run-2_eeg.set,PEEG\sub-21\ses-2\eeg\sub-21_post_run-2_eeg.set,8.15,False
sub-21,ses-2,Post-rehabilitation,sub-21_post_run-3_eeg.set,PEEG\sub-21\ses-2\eeg\sub-21_post_run-3_eeg.set,8.15,False
sub-21,ses-2,Post-rehabilitation,sub-21_post_run-4_eeg.set,PEEG\sub-21\ses-2\eeg\sub-21_post_run-4_eeg.set,8.15,False
sub-21,ses-3,Task-run,sub-21_follow_run-1_eeg.set,PEEG\sub-21\ses-3\eeg\sub-21_follow_run-1_eeg.set,8.15,False
sub-21,ses-3,Task-run,sub-21_follow_run-2_eeg.set,PEEG\sub-21\ses-3\eeg\sub-21_follow_run-2_eeg.set,8.15,False
sub-21,ses-3,Task-run,sub-21_follow_run-3_eeg.set,PEEG\sub-21\ses-3\eeg\sub-21_follow_run-3_eeg.set,8.15,False
sub-21,ses-3,Task-run,sub-21_follow_run-4_eeg.set,PEEG\sub-21\ses-3\eeg\sub-21_follow_run-4_eeg.set,8.15,False
sub-22,ses-1,Pre-rehabilitation,sub-22_pre_run-1_eeg.set,PEEG\sub-22\ses-1\eeg\sub-22_pre_run-1_eeg.set,8.14,False
sub-22,ses-1,Pre-rehabilitation,sub-22_pre_run-2_eeg.set,PEEG\sub-22\ses-1\eeg\sub-22_pre_run-2_eeg.set,8.14,False
sub-22,ses-1,Pre-rehabilitation,sub-22_pre_run-3_eeg.set,PEEG\sub-22\ses-1\eeg\sub-22_pre_run-3_eeg.set,8.15,False
sub-22,ses-1,Pre-rehabilitation,sub-22_pre_run-4_eeg.set,PEEG\sub-22\ses-1\eeg\sub-22_pre_run-4_eeg.set,8.14,False
sub-22,ses-2,Post-rehabilitation,sub-22_post_run-1_eeg.set,PEEG\sub-22\ses-2\eeg\sub-22_post_run-1_eeg.set,8.15,False
sub-22,ses-2,Post-rehabilitation,sub-22_post_run-2_eeg.set,PEEG\sub-22\ses-2\eeg\sub-22_post_run-2_eeg.set,8.15,False
sub-22,ses-2,Post-rehabilitation,sub-22_post_run-3_eeg.set,PEEG\sub-22\ses-2\eeg\sub-22_post_run-3_eeg.set,8.15,False
sub-22,ses-2,Post-rehabilitation,sub-22_post_run-4_eeg.set,PEEG\sub-22\ses-2\eeg\sub-22_post_run-4_eeg.set,8.15,False
sub-22,ses-3,Task-run,sub-22_follow_run-1_eeg.set,PEEG\sub-22\ses-3\eeg\sub-22_follow_run-1_eeg.set,8.14,False
sub-22,ses-3,Task-run,sub-22_follow_run-2_eeg.set,PEEG\sub-22\ses-3\eeg\sub-22_follow_run-2_eeg.set,8.14,False
sub-22,ses-3,Task-run,sub-22_follow_run-3_eeg.set,PEEG\sub-22\ses-3\eeg\sub-22_follow_run-3_eeg.set,8.15,False
sub-22,ses-3,Task-run,sub-22_follow_run-4_eeg.set,PEEG\sub-22\ses-3\eeg\sub-22_follow_run-4_eeg.set,8.15,False
sub-23,ses-1,Pre-rehabilitation,sub-23_pre_run-1_eeg.set,PEEG\sub-23\ses-1\eeg\sub-23_pre_run-1_eeg.set,8.15,False
sub-23,ses-1,Pre-rehabilitation,sub-23_pre_run-2_eeg.set,PEEG\sub-23\ses-1\eeg\sub-23_pre_run-2_eeg.set,8.15,False
sub-23,ses-1,Pre-rehabilitation,sub-23_pre_run-3_eeg.set,PEEG\sub-23\ses-1\eeg\sub-23_pre_run-3_eeg.set,8.15,False
sub-23,ses-1,Pre-rehabilitation,sub-23_pre_run-4_eeg.set,PEEG\sub-23\ses-1\eeg\sub-23_pre_run-4_eeg.set,8.15,False
sub-23,ses-2,Post-rehabilitation,sub-23_post_run-1_eeg.set,PEEG\sub-23\ses-2\eeg\sub-23_post_run-1_eeg.set,8.16,False
sub-23,ses-2,Post-rehabilitation,sub-23_post_run-2_eeg.set,PEEG\sub-23\ses-2\eeg\sub-23_post_run-2_eeg.set,8.16,False
sub-23,ses-2,Post-rehabilitation,sub-23_post_run-3_eeg.set,PEEG\sub-23\ses-2\eeg\sub-23_post_run-3_eeg.set,8.16,False
sub-23,ses-2,Post-rehabilitation,sub-23_post_run-4_eeg.set,PEEG\sub-23\ses-2\eeg\sub-23_post_run-4_eeg.set,8.16,False
sub-23,ses-3,Task-run,sub-23_follow_run-1_eeg.set,PEEG\sub-23\ses-3\eeg\sub-23_follow_run-1_eeg.set,8.16,False
sub-23,ses-3,Task-run,sub-23_follow_run-2_eeg.set,PEEG\sub-23\ses-3\eeg\sub-23_follow_run-2_eeg.set,8.16,False
sub-23,ses-3,Task-run,sub-23_follow_run-3_eeg.set,PEEG\sub-23\ses-3\eeg\sub-23_follow_run-3_eeg.set,8.16,False
sub-23,ses-3,Task-run,sub-23_follow_run-4_eeg.set,PEEG\sub-23\ses-3\eeg\sub-23_follow_run-4_eeg.set,8.16,False
sub-24,ses-1,Pre-rehabilitation,sub-24_pre_run-1_eeg.set,PEEG\sub-24\ses-1\eeg\sub-24_pre_run-1_eeg.set,8.15,False
sub-24,ses-1,Pre-rehabilitation,sub-24_pre_run-2_eeg.set,PEEG\sub-24\ses-1\eeg\sub-24_pre_run-2_eeg.set,8.15,False
sub-24,ses-1,Pre-rehabilitation,sub-24_pre_run-3_eeg.set,PEEG\sub-24\ses-1\eeg\sub-24_pre_run-3_eeg.set,8.15,False
sub-24,ses-1,Pre-rehabilitation,sub-24_pre_run-4_eeg.set,PEEG\sub-24\ses-1\eeg\sub-24_pre_run-4_eeg.set,8.15,False
sub-24,ses-2,Post-rehabilitation,sub-24_post_run-1_eeg.set,PEEG\sub-24\ses-2\eeg\sub-24_post_run-1_eeg.set,8.15,False
sub-24,ses-2,Post-rehabilitation,sub-24_post_run-2_eeg.set,PEEG\sub-24\ses-2\eeg\sub-24_post_run-2_eeg.set,8.15,False
sub-24,ses-2,Post-rehabilitation,sub-24_post_run-3_eeg.set,PEEG\sub-24\ses-2\eeg\sub-24_post_run-3_eeg.set,8.1,False
sub-24,ses-2,Post-rehabilitation,sub-24_post_run-4_eeg.set,PEEG\sub-24\ses-2\eeg\sub-24_post_run-4_eeg.set,8.17,False
sub-24,ses-3,Task-run,sub-24_follow_run-1_eeg.set,PEEG\sub-24\ses-3\eeg\sub-24_follow_run-1_eeg.set,8.16,False
sub-24,ses-3,Task-run,sub-24_follow_run-2_eeg.set,PEEG\sub-24\ses-3\eeg\sub-24_follow_run-2_eeg.set,8.15,False
sub-24,ses-3,Task-run,sub-24_follow_run-3_eeg.set,PEEG\sub-24\ses-3\eeg\sub-24_follow_run-3_eeg.set,8.15,False
sub-24,ses-3,Task-run,sub-24_follow_run-4_eeg.set,PEEG\sub-24\ses-3\eeg\sub-24_follow_run-4_eeg.set,8.15,False
sub-25,ses-1,Pre-rehabilitation,sub-25_pre_run-1_eeg.set,PEEG\sub-25\ses-1\eeg\sub-25_pre_run-1_eeg.set,8.16,False
sub-25,ses-1,Pre-rehabilitation,sub-25_pre_run-2_eeg.set,PEEG\sub-25\ses-1\eeg\sub-25_pre_run-2_eeg.set,8.16,False
sub-25,ses-1,Pre-rehabilitation,sub-25_pre_run-3_eeg.set,PEEG\sub-25\ses-1\eeg\sub-25_pre_run-3_eeg.set,8.16,False
sub-25,ses-1,Pre-rehabilitation,sub-25_pre_run-4_eeg.set,PEEG\sub-25\ses-1\eeg\sub-25_pre_run-4_eeg.set,8.16,False
sub-25,ses-2,Task-run,sub-25_MI-SES_run-1_eeg.set,PEEG\sub-25\ses-2\eeg\sub-25_MI-SES_run-1_eeg.set,8.15,False
sub-25,ses-2,Task-run,sub-25_MI-SES_run-2_eeg.set,PEEG\sub-25\ses-2\eeg\sub-25_MI-SES_run-2_eeg.set,8.15,False
sub-25,ses-2,Task-run,sub-25_MI-SES_run-3_eeg.set,PEEG\sub-25\ses-2\eeg\sub-25_MI-SES_run-3_eeg.set,8.15,False
sub-25,ses-2,Task-run,sub-25_MI-SES_run-4_eeg.set,PEEG\sub-25\ses-2\eeg\sub-25_MI-SES_run-4_eeg.set,8.15,False
sub-25,ses-3,Task-run,sub-25_MI-IES_run-1_eeg.set,PEEG\sub-25\ses-3\eeg\sub-25_MI-IES_run-1_eeg.set,8.15,False
sub-25,ses-3,Task-run,sub-25_MI-IES_run-2_eeg.set,PEEG\sub-25\ses-3\eeg\sub-25_MI-IES_run-2_eeg.set,8.15,False
sub-25,ses-3,Task-run,sub-25_MI-IES_run-3_eeg.set,PEEG\sub-25\ses-3\eeg\sub-25_MI-IES_run-3_eeg.set,8.15,False
sub-25,ses-3,Task-run,sub-25_MI-IES_run-4_eeg.set,PEEG\sub-25\ses-3\eeg\sub-25_MI-IES_run-4_eeg.set,8.15,False
sub-25,ses-4,Post-rehabilitation,sub-25_post_run-1_eeg.set,PEEG\sub-25\ses-4\eeg\sub-25_post_run-1_eeg.set,8.15,False
sub-25,ses-4,Post-rehabilitation,sub-25_post_run-2_eeg.set,PEEG\sub-25\ses-4\eeg\sub-25_post_run-2_eeg.set,8.15,False
sub-25,ses-4,Post-rehabilitation,sub-25_post_run-3_eeg.set,PEEG\sub-25\ses-4\eeg\sub-25_post_run-3_eeg.set,8.15,False
sub-25,ses-4,Post-rehabilitation,sub-25_post_run-4_eeg.set,PEEG\sub-25\ses-4\eeg\sub-25_post_run-4_eeg.set,8.15,False
sub-25,ses-5,Task-run,sub-25_follow_run-1_eeg.set,PEEG\sub-25\ses-5\eeg\sub-25_follow_run-1_eeg.set,8.16,False
sub-25,ses-5,Task-run,sub-25_follow_run-2_eeg.set,PEEG\sub-25\ses-5\eeg\sub-25_follow_run-2_eeg.set,8.16,False
sub-25,ses-5,Task-run,sub-25_follow_run-3_eeg.set,PEEG\sub-25\ses-5\eeg\sub-25_follow_run-3_eeg.set,8.16,False
sub-25,ses-5,Task-run,sub-25_follow_run-4_eeg.set,PEEG\sub-25\ses-5\eeg\sub-25_follow_run-4_eeg.set,8.16,False
sub-26,ses-1,Pre-rehabilitation,sub-26_pre_run-1_eeg.set,PEEG\sub-26\ses-1\eeg\sub-26_pre_run-1_eeg.set,8.16,False
sub-26,ses-1,Pre-rehabilitation,sub-26_pre_run-2_eeg.set,PEEG\sub-26\ses-1\eeg\sub-26_pre_run-2_eeg.set,8.15,False
sub-26,ses-1,Pre-rehabilitation,sub-26_pre_run-3_eeg.set,PEEG\sub-26\ses-1\eeg\sub-26_pre_run-3_eeg.set,7.96,False
sub-26,ses-1,Pre-rehabilitation,sub-26_pre_run-4_eeg.set,PEEG\sub-26\ses-1\eeg\sub-26_pre_run-4_eeg.set,8.15,False
sub-26,ses-2,Post-rehabilitation,sub-26_post_run-1_eeg.set,PEEG\sub-26\ses-2\eeg\sub-26_post_run-1_eeg.set,8.15,False
sub-26,ses-2,Post-rehabilitation,sub-26_post_run-2_eeg.set,PEEG\sub-26\ses-2\eeg\sub-26_post_run-2_eeg.set,8.15,False
sub-26,ses-2,Post-rehabilitation,sub-26_post_run-3_eeg.set,PEEG\sub-26\ses-2\eeg\sub-26_post_run-3_eeg.set,8.15,False
sub-26,ses-2,Post-rehabilitation,sub-26_post_run-4_eeg.set,PEEG\sub-26\ses-2\eeg\sub-26_post_run-4_eeg.set,8.15,False
sub-26,ses-3,Task-run,sub-26_follow_run-4_eeg.set,PEEG\sub-26\ses-3\eeg\sub-26_follow_run-4_eeg.set,8.15,False
sub-27,ses-1,Pre-rehabilitation,sub-27_pre_run-1_eeg.set,PEEG\sub-27\ses-1\eeg\sub-27_pre_run-1_eeg.set,8.15,False
sub-27,ses-1,Pre-rehabilitation,sub-27_pre_run-2_eeg.set,PEEG\sub-27\ses-1\eeg\sub-27_pre_run-2_eeg.set,8.15,False
sub-27,ses-1,Pre-rehabilitation,sub-27_pre_run-3_eeg.set,PEEG\sub-27\ses-1\eeg\sub-27_pre_run-3_eeg.set,8.16,False
sub-27,ses-1,Pre-rehabilitation,sub-27_pre_run-4_eeg.set,PEEG\sub-27\ses-1\eeg\sub-27_pre_run-4_eeg.set,8.15,False
sub-27,ses-2,Post-rehabilitation,sub-27_post_run-1_eeg.set,PEEG\sub-27\ses-2\eeg\sub-27_post_run-1_eeg.set,8.15,False
sub-27,ses-2,Post-rehabilitation,sub-27_post_run-2_eeg.set,PEEG\sub-27\ses-2\eeg\sub-27_post_run-2_eeg.set,8.15,False
sub-27,ses-2,Post-rehabilitation,sub-27_post_run-3_eeg.set,PEEG\sub-27\ses-2\eeg\sub-27_post_run-3_eeg.set,8.15,False
sub-27,ses-2,Post-rehabilitation,sub-27_post_run-4_eeg.set,PEEG\sub-27\ses-2\eeg\sub-27_post_run-4_eeg.set,8.15,False
sub-27,ses-3,Task-run,sub-27_follow_run-1_eeg.set,PEEG\sub-27\ses-3\eeg\sub-27_follow_run-1_eeg.set,8.15,False
sub-27,ses-3,Task-run,sub-27_follow_run-2_eeg.set,PEEG\sub-27\ses-3\eeg\sub-27_follow_run-2_eeg.set,8.15,False
sub-27,ses-3,Task-run,sub-27_follow_run-3_eeg.set,PEEG\sub-27\ses-3\eeg\sub-27_follow_run-3_eeg.set,8.15,False
sub-27,ses-3,Task-run,sub-27_follow_run-4_eeg.set,PEEG\sub-27\ses-3\eeg\sub-27_follow_run-4_eeg.set,8.16,False
